xleaves,yleaves,color
380.97805292359766,200.1730579475203,2
313.8997187574527,187.42443086022632,2
375.85944020518247,208.7558950066115,1
221.32982811782202,141.6319583854994,3
429.3561635175144,191.47801125053508,3
427.53359362772096,238.3618536462949,4
260.39806500483735,180.50612389575528,4
127.51001241988016,130.0397387741715,1
209.22118715797876,192.68063789317128,4
160.3584937061794,173.8893451604043,2
209.71381856566796,122.08435802416685,4
52.68203203895183,117.76384159491586,4
347.92810472230514,228.29033466787584,3
373.610005435364,46.587950790975526,4
363.789338334266,223.3077922876134,1
206.23551903855866,221.58101384885452,0
256.66776910988426,222.37407677183475,0
115.71591299638287,281.65160711460436,2
422.5563665414954,262.5585149486899,4
106.41574385154615,132.42323606589798,3
72.09949972897753,229.89936581787973,3
116.65886784496723,272.32629364926004,2
95.25696669159372,248.1084005935872,4
227.78901032585662,185.49623373273803,1
91.10911949670779,185.33031863351792,3
382.8371040646368,158.198792373989,3
295.31914260202564,279.3164861635942,2
368.5263937801738,241.74839122422986,4
171.54948285972222,176.25503538714213,2
128.09418446493441,111.44196593958257,1
371.9057515273244,174.27265935190638,4
291.652426912965,178.2490197709814,2
205.1386830969919,91.76506554839176,1
169.91609362713086,128.96790695614027,1
197.13678613443287,286.49638286956406,4
240.50602900729135,163.99408926295354,2
335.91209545245044,247.20137851648843,3
310.37763123376044,235.5394913463236,1
174.54354475267274,150.52864653955035,3
73.72530820586917,136.97890642621587,4
239.63353956022905,284.68330517227935,3
438.8985226022463,46.82960901268598,3
439.66242808677987,149.95399776313775,3
246.52024358059185,141.7185160658393,4
109.41931264187673,124.49002553197455,2
165.59887478752097,246.24817195450092,1
78.8976241668089,146.40601018453214,2
126.86020171950804,127.84310783058629,4
382.6837372195477,252.8546992693866,2
436.4592972093698,156.2173890188032,2
389.6207664260269,248.2811093840289,3
385.92428362055864,282.7423594131003,2
268.8473521647592,236.3016181779122,1
356.73724543902296,127.46966736192903,1
92.46885055805535,101.93042507207974,3
419.5472103856474,178.8750647344864,2
177.32599117625148,207.95124692439902,4
373.71291126004036,280.1674020282506,1
186.74742799367573,144.59030791255017,2
438.48136529381253,267.4358949509771,3
379.984833119162,170.84863598001968,4
213.10124512976333,179.2870665462366,2
422.82197282404525,107.14816584098152,1
199.28502341407673,245.38772791141594,1
134.65821164456355,243.27849427517458,3
352.00185205916114,109.16625915730268,1
100.32786714328967,154.60440334680686,0
77.60737523782169,239.12759238853846,3
385.8829248520706,252.94160934331666,1
266.4332016871931,281.1225114112062,2
364.08849453538267,278.2158369471353,3
58.181697295041346,129.69407147671743,3
327.2436284322689,235.1759289470079,2
332.27551674571686,196.12317699778518,1
349.8749494225995,241.5474450433004,3
310.12009198762996,128.03918435407758,4
421.66017112220334,174.2851373454818,1
69.71454632591522,179.1566265843151,3
375.49870354242626,202.51525977409455,1
113.02637245484912,197.36420232611428,1
168.59988570496006,247.26781590355108,1
255.25119326897791,252.87921960621577,1
150.12193200428618,243.9748610369448,2
79.56662630642498,222.73678789925182,0
127.91824901949536,292.05669633310526,0
150.91141289834908,137.2193553338892,2
433.2491102691637,249.0065952246846,0
184.64782842005727,258.09995869302224,3
183.7024457123174,153.81858328155687,4
252.09411680914582,159.28494090723143,1
215.8917478150695,183.85923536699522,1
359.9171762913545,185.8389468932635,3
292.2009237320236,182.16338737979743,2
86.42247730035578,181.5753646813305,2
167.01198707590657,259.7229341629282,4
158.67033031377446,165.518898556716,4
256.14001496791525,235.37435369310012,0
58.71561552174995,181.189676000289,3
203.26536203428174,196.71858785850307,3
219.09662654582206,233.19906767454478,4
62.265261292172845,253.79716476427234,1
422.2172669462417,251.75482376010518,2
93.38616300990799,69.99778816699066,3
153.41333198925744,143.6248327696387,4
70.08480035839786,280.12757495085293,4
193.5327705002298,279.8736476030525,1
123.88526473373443,270.28995482921675,3
181.13344479616654,245.23503455600067,1
208.9912805272799,211.38236332067893,3
409.4620670091744,191.80912678280094,1
323.02171046155786,272.3235220749884,1
399.3970449357899,286.5269117520845,3
153.69449726543985,175.34160243059506,4
155.66467337220064,181.6742034098132,2
449.0322781369665,127.9717244796554,1
100.00192576692251,209.69120658445053,4
421.27247388958114,287.9047645049222,3
239.24729752439714,233.82353874155928,0
445.9830169518775,200.9329121726208,4
248.14891601731378,221.42794371640045,3
128.06919636805543,206.82658285071852,1
85.70271839875083,221.24097616984926,0
247.64216203959643,-26.469365058221314,1
366.0118066356308,89.70467675977436,1
304.490506829638,178.22375052471855,2
199.80423197753572,208.1535384198944,2
113.9995244276864,73.58507634214685,1
332.687606859921,180.1217726090222,3
230.2486322147249,191.560318462151,4
311.23132088607633,123.52355459045397,3
408.01977780190504,269.51401343075065,3
345.5829416945524,177.55161407111567,3
436.02542313281145,180.73646399814805,2
78.36281533314474,39.644431519366094,2
153.90973754602504,176.04520699246874,3
442.9329241919057,176.55838678928285,4
425.03489957486505,184.03845733316484,1
226.5569421493122,179.31735348934086,2
364.6728090923179,255.4365782517374,1
349.738062797536,176.33263401987324,2
150.32039523891476,214.2257444005943,4
241.05972070740697,299.26401914798487,3
422.41702778063825,282.4647550376062,1
175.84178416154433,252.54507448236387,4
222.56883063251195,178.89803878276956,2
335.1370488721342,207.51318004170534,4
167.60944987733905,299.2239838068505,3
269.6840279695595,256.73462869907524,3
202.39177237822656,70.86396534721186,2
297.5095901360951,102.75545001720958,2
343.53676537290573,188.13239897594497,2
397.0357074781793,218.827277735116,1
92.56175525156492,105.33529954302526,2
227.85245519176223,154.76183019174667,4
57.998151262820045,213.79135187641668,3
217.13125236357368,107.05696837863518,2
360.9778351728319,187.7601301296706,1
145.03571184381272,180.39734088348897,4
245.12191878197825,243.20303781018717,1
186.5021111016827,264.1889689481436,2
125.590181001865,167.46863967806573,1
264.65468348342665,165.51753617093536,1
225.4109338867647,232.58508479793736,3
439.90212660474594,160.84522072430133,2
374.2495414559479,275.5918630733062,3
210.3786596161596,265.1263414526974,4
264.781787433148,106.57716734908055,1
258.7331775424823,204.53710436231637,4
391.7083056461186,238.5876441439537,3
356.4707439722288,167.53415552884726,3
159.42452456068054,198.7021264250781,3
140.20103412444075,278.3540456280065,4
209.61312276934572,254.93696298752673,1
158.15224770362883,196.1426947769505,3
201.3239594784847,138.21403391199578,2
346.09180027685323,192.9805751632324,3
289.1658509766497,183.97220160484108,1
81.2369896510031,107.29427044846831,1
366.30612382933714,145.18390302513563,1
377.97336643993475,256.03311175236894,1
422.97822061443657,136.12714549480603,1
156.54883805145894,239.2753316889808,3
391.48919539997024,134.31745279934128,3
281.0553365892736,158.65575298930304,3
128.44283129525144,263.6235373921984,3
56.34929074457222,229.62443213680274,2
317.901715065162,107.74842847567636,1
313.06841596392314,269.672094263487,4
261.5954161836186,251.97254916786196,1
241.4505588724544,131.51280208881047,1
425.07247213883517,212.27000862164653,1
200.84207230808485,154.7623729641596,2
170.66673666703727,229.54459673376223,1
107.88233286108198,225.04079909826314,3
418.0028036437592,141.6395180589172,3
401.60700030547247,139.6226764725256,1
67.41658417350433,181.54724083593334,1
395.471129062485,185.50151589541747,2
86.58697269932514,143.4548153485716,1
146.3401694889464,160.34446176712026,4
248.60563800162146,180.0450524298512,3
61.81097046896209,121.77507661790081,0
377.3570287918272,210.68424257399187,2
184.95400594578211,276.13534998966037,4
321.94091622673795,214.46291775848584,1
351.3895988648895,167.97431579917483,1
86.0982785265333,265.89222382511986,1
202.45500051440243,214.7270435291088,1
134.68992832330366,251.61235917080856,4
445.21024501012323,184.3747278222045,3
66.93971242041607,203.33576493618443,2
74.8438303913574,206.91403924964132,0
250.51255810316414,299.17530007369356,4
232.01300053956274,166.98529138930246,2
445.4020745600357,251.93571677179816,3
186.06523663554069,237.70216748445654,1
437.97063640432805,135.70727796160787,0
117.24001356747009,66.50771438282067,2
356.1657326054795,148.20462673537114,4
323.1635794031905,151.5131273980885,4
98.9341663487163,86.37357358560766,3
402.3181072029334,219.1861916635275,4
255.96052782233878,155.7623461027668,4
117.97651507641507,130.69365292590612,4
290.0800184331105,155.12996745179743,3
416.33568591942185,264.53378058639686,4
153.4409526980101,108.24336011409358,2
416.18766701931366,111.68089287592167,4
380.93076981513565,170.60881789311253,4
308.12738840341666,160.58246882902023,3
287.52779124330937,203.32611935835055,1
114.83101172475037,245.72799410943324,1
134.6311511596673,217.37964734208794,1
270.64610609200855,161.19209447372089,4
319.28342638988767,266.01793914091536,2
262.49532665082165,210.06789479635287,1
269.6089350372105,71.55419478876127,1
398.21661265624283,271.80946427896373,3
266.0012027603192,242.64300900825714,3
158.29658484452716,111.09934977333853,4
357.43483060939684,146.384082369672,3
92.32574552429513,155.4582854697027,3
254.28875632829966,255.65573923977877,1
229.4746939827581,239.98258967436612,1
393.4444456166428,137.83484082000902,2
320.31313864611064,110.54215408877663,2
218.48395385475482,152.216735539497,4
436.7157863365713,169.9742711746938,1
252.37727527807593,213.75035533116233,2
166.01930317656849,204.38563676432426,2
140.15136353356627,150.7761910894032,4
315.00469030931225,255.04183515163663,2
440.6042052484225,224.77036920436586,0
431.2710255327698,182.92433132764072,3
350.57350997297726,96.83218954267872,2
144.46549614293045,173.7339612063415,1
388.92174941513366,129.1415776195223,2
144.5874568519679,193.23961879373383,0
392.368363262181,272.4370207099274,4
323.41560850729866,114.4288296263428,3
352.7471303697026,208.5273155706181,2
438.8148565703226,72.93541730367805,3
359.3514667026016,165.76274995819392,4
140.93915755953998,170.024319021845,4
102.37786110187739,143.44450011311918,2
295.2492688121847,174.0535729308493,2
259.5641267086568,187.73098968927604,1
245.2867536735813,202.5998947986396,1
104.34593551629314,255.56399498674148,0
382.42364109509543,245.49900280013696,0
181.6858347110695,263.30137419003034,4
92.7984458666558,123.36150400199742,1
173.37224593316222,140.4342664862848,2
261.1250448452773,254.39503054072208,2
206.6540432072239,189.44363131431678,3
108.77272308327224,158.7935597794626,3
330.7519309404121,196.852583405496,3
94.24221084035315,262.7355377582392,2
354.82783322751305,208.0251746638624,2
121.8897681581892,139.22814106001601,2
107.64608338244437,288.678554778699,2
267.39279129251724,279.3922781775388,2
105.21058567105706,69.43468726906633,3
446.42790371358114,172.51668317742826,1
131.10208329547828,249.6346324022629,2
305.04125689036135,266.00646713877114,3
342.9901414377622,225.21398186258475,3
325.3181035223449,117.61112065318602,2
219.2439847995499,189.3081621761821,1
155.31179964605207,83.25307810758818,1
388.32496162092355,81.71400760011981,2
132.74391500164242,173.39878308421768,2
223.0354794756482,250.68293155684563,1
241.8615695353179,206.6016069362815,4
194.70558466294108,210.10213143808562,4
181.7298501107071,127.78307850865487,4
353.918862055544,244.60090011467287,3
424.1672543205391,253.30552815094202,1
240.18980581695152,39.99668705520918,2
343.9810376274505,145.04729223744553,3
81.46661233878154,253.62881735389578,2
396.8365645212854,250.72856043458168,3
97.30206732917645,127.7919701171109,3
305.6058489146537,215.3681906035439,2
169.85349295785133,203.80045126594877,2
245.1840512831575,226.8502300595798,1
145.9335749523282,184.2670770258795,4
109.12509067692554,254.3294964884683,1
126.49328545992948,198.20055895028983,1
169.18358428446734,257.2506431629524,4
139.50312440642398,230.57714508366684,4
348.9941595012151,287.4504968156536,2
85.17621368093988,69.01730564057323,1
189.36559176616942,279.28815759567976,2
142.75311142582123,147.4385802107374,3
184.27844305775062,226.93881669413858,1
63.22180148004142,161.44026485957625,2
329.3928251026906,219.9389450011432,3
293.5907395009731,282.3885080237793,3
221.94278044308388,184.86064989354307,4
254.50558630605147,185.500255230506,4
78.85809567295769,223.97652253035685,1
114.87541266815309,218.0473122864005,1
174.79681771349368,219.13918773860382,1
272.8045052950806,233.06704617377824,3
255.1212925113817,121.07706883306577,0
173.2162458870457,208.4369181819014,2
100.79759869769052,291.3415527804851,3
190.09225726974012,203.28300523827474,1
219.76523841369934,204.14377795461183,3
372.5887430940197,178.5380186230361,3
287.98273761403715,161.1236674656656,2
275.8959711530912,217.956186203445,1
80.30350554760588,168.97605389214732,2
333.35448485325946,206.43665950769693,1
387.72052879864793,195.60084739979678,3
170.39985996442545,171.535784672471,4
168.1643749261965,197.72670701192052,1
150.04343058773011,112.96617829704005,4
117.81804550308692,93.24865023260692,2
179.96462156492794,214.75274175228424,2
149.2454638950515,179.73555236910562,4
335.5303018779929,155.24113509620042,2
100.9217203163483,233.00527223357113,3
82.60073979702355,120.17335577140285,2
178.3248430342534,268.461040625044,1
270.54627072984044,145.80377514319287,3
355.03225654844954,239.91752612428414,3
127.93617628133154,85.8060655800665,3
410.6552354229845,92.46654474364937,1
100.96547693392041,259.6877410888016,3
94.58119704711692,206.5321245462736,3
105.83907938322014,268.1705418115729,3
74.03006074620592,208.05538657307858,1
59.54248764731367,152.96837569939754,4
101.23241408502075,282.6516714492293,1
408.67339071516966,236.01580983596776,1
186.86340109945672,210.45271463608375,3
446.6654995905574,111.6870356095825,1
410.71168978049224,195.88389868137784,1
171.45013684249608,119.64913991112776,4
97.22047632243758,47.981635005831606,1
219.17518315314882,210.70749965801392,4
389.07967319926064,234.55391032033737,2
213.9275377220421,190.6693768628686,4
52.073126590504955,159.54886536838382,1
158.76957810425841,244.19451709052666,4
387.1012035065664,140.14657418343003,1
52.22073785731216,58.62769539804842,3
244.40207786453638,118.93349849587996,3
251.71347031173048,169.16043292674206,2
116.0600479966245,174.41323780663873,1
445.72382876537347,199.84054235489575,1
141.54587921370072,156.61919127313098,4
334.8147461015546,298.6970001089944,4
158.23822157884462,119.19043752230866,4
141.77506913934357,221.34285951502056,4
387.68763180612933,120.81201352205208,2
269.0887038540059,56.16143578941865,3
196.56788244723543,61.06555671242913,3
173.06961931178625,221.5483817469848,3
304.67937216831365,92.38693418286383,3
394.21167911226166,129.31656770363412,1
373.8502347314639,154.83591281593948,4
207.77927799071443,200.48620945239506,2
164.86414523957637,84.75235585164612,3
130.53880981534707,143.93542066941515,2
275.314068903108,218.12313039697298,4
370.7415364032655,143.41680776212547,2
194.00103874317654,283.33822564276534,3
360.73757987384806,145.0122742346675,1
417.49243290486504,278.19132025468696,3
222.99446675893427,89.53939638020155,1
255.71978946097022,126.56409945940453,0
269.49767163875555,209.05302061228963,4
103.7618423342638,213.06973086940457,4
351.338026514928,67.09605133316919,1
177.84057015257417,57.84093060510304,2
248.54565776277386,108.15921117825687,1
130.15831888362908,285.70612057032355,2
328.80441059545626,111.32445652627142,1
435.1644600058808,136.57469591592726,2
89.57282579404603,210.84231608324305,3
293.27749117472354,177.45518782693833,4
111.09706809512105,230.9405742869705,4
379.5414854765518,222.4873751422056,4
247.789701775454,136.6959743845551,1
64.09680268355804,208.0805034587628,3
112.55853376370983,185.35485113842648,1
325.48317996951477,158.7608540313745,2
209.7300769902497,169.26513360361062,3
361.05207647801683,229.88888475358183,3
79.25942921351515,236.08039734541995,3
216.2778624556752,251.05094236865227,4
185.6502363238321,238.3429120706041,3
271.5444884049763,242.9441770783679,3
147.88817647196706,292.347655568008,1
278.42915126371844,223.03839257868646,1
311.9155126300204,202.65045055577767,1
447.97488707780724,218.43804548905976,4
89.28527788652092,170.2791200839913,0
143.56517042485484,217.82711462865404,3
95.46763581539861,256.61443525700065,4
253.84614395830155,228.3701255722629,2
292.33534946385635,101.28238636927354,1
430.3726572339033,97.66062875916926,1
259.5481721961236,145.7510950241301,0
379.9892292316454,217.05944648265535,1
120.2904431799829,158.7172470569763,1
383.9127607076274,154.58997643585076,3
109.76846393300477,243.67915423269014,0
205.01680354116888,244.04663679079937,4
130.45788554119824,164.00775859917033,2
211.57543520312117,265.1251659750433,2
444.1637008694227,51.26501355672818,2
157.72300597465198,251.49861364083495,3
171.17786776642797,255.46027958900453,1
395.8586001409547,245.94824443082348,3
361.4359265197498,228.6867125244668,3
346.34998594160106,169.41227490130154,3
402.9441147699133,234.39212495489284,3
237.68165330778479,95.68080413020364,2
111.51860735041322,280.3727505485902,1
363.55817722547965,256.41301993717803,4
360.0487624524384,114.34114789905665,3
189.34619060446192,94.75224814130573,2
284.00422625908936,238.41038010208518,3
110.67272321731195,161.88387083042346,0
72.26860483266297,229.8985738468901,1
90.69198724578467,216.7894063189178,2
135.06823705505292,221.2114549463588,2
268.42199033527913,140.09431766971338,1
429.29210949686296,208.03775325679433,2
389.24017861323136,197.96694489268026,3
273.9048375812016,160.30649278997936,3
61.2172433709481,171.13773175469458,1
384.6896958449172,155.02297405604148,3
54.80863177102604,139.47384669787337,1
313.0267073918115,290.3862473148385,3
377.0017236323638,221.83180645733142,3
110.30097991198303,212.24049568347078,4
201.4447065110882,136.1307051611235,1
115.75907949374513,212.57749436806301,1
332.0284399842278,231.4768742563495,4
230.76835586402328,154.84941273388432,4
279.079179742998,275.1102488455281,1
277.3555769430827,167.49562556018395,2
334.8898756564262,277.5069971625103,1
292.35543464675874,171.39509846791918,1
223.97508339306435,171.8654370713349,2
195.96212611304807,52.728477876253976,4
135.90437218530968,202.97643887086917,0
307.67885145477,129.16554077252943,4
433.843835813841,102.92661586751007,4
212.37721303241014,279.48998957325847,4
381.46443508204504,214.83039586747634,2
79.7182111051856,184.62789007030048,2
387.75107957028195,161.79592931641935,2
165.54947097273282,262.2182157813562,3
230.09361740026205,123.09972229512165,3
288.9135930068451,78.9495914314727,1
129.76832965383318,197.97869847426628,3
248.07008788523106,251.08319050609785,2
90.57309940470742,144.2671255208419,4
317.8201036289626,299.55734269072565,1
384.4532607292973,111.79181693442796,2
439.31362976315233,101.19371470535155,1
88.94983073418734,210.62429238698897,4
169.84806587717554,116.63571243999898,1
158.81173494409552,264.41756962289725,1
174.64887351272017,187.22992220978344,2
70.29082604290818,51.472411646281245,2
314.75600961231265,172.2054634880082,3
112.56650907235817,198.96342980224298,2
110.21082954996784,207.52357400310675,1
157.1232184468973,240.83374215444414,4
395.31908754315054,203.05155889073328,1
220.41046066978157,129.12574474088817,4
66.41522660382329,256.0139373999658,1
439.81336365831913,86.51093842323074,3
208.62998896448238,240.65489550507365,4
289.41790471173334,195.53518103708902,1
71.1916290422078,126.9661838562837,3
429.76064857390315,155.76382820178947,4
256.68985809324977,164.05628848137894,4
332.27503489835544,93.13825772521159,4
399.35896209264155,156.50017684329706,4
150.2631720692732,193.53303884081745,2
223.63934885321308,226.06826640665898,1
449.5557352578937,229.8182884168202,1
180.87988827451667,146.63602516958485,1
419.64292540701314,158.32054949776557,3
98.89669414708004,44.550962762506714,2
173.81706540624737,297.88519319793403,1
441.74988548828253,217.321815776062,1
72.98957698866309,121.43072799682085,1
210.1883429287995,226.37901477259666,3
347.991096364012,102.48644336223076,3
193.18766810129588,157.96101535440454,2
200.46087173923075,64.31894238827229,3
102.98387319207092,226.55799845776954,2
80.07092442919208,212.9415750160467,1
126.53000320025347,244.26126764340995,3
222.14284962182958,183.77637779315577,3
157.76905823804844,144.35051765980407,1
392.3791747744562,181.37084225145736,1
178.78488956080432,148.68088036360479,2
310.7276036873118,233.60144960622688,1
440.54355336964755,170.13074306147206,4
125.00583029525774,179.93610013511378,0
428.7100245777681,213.56993550692707,1
88.68621330902022,108.93791341817754,2
250.20442129076343,187.57806306435327,4
119.60882594011562,197.28142398366887,1
215.55349604920275,190.83474307069838,2
420.20310689639587,101.49729185620865,0
411.4664972154932,251.54822105264643,2
261.2399132038338,213.6778429424062,3
414.21103519184743,120.15230655101188,1
429.2368201171402,247.637703310222,1
72.7657794128255,234.18105235599361,1
248.28439505277169,243.41659437117613,3
373.82690713096434,183.44502641285382,2
382.2152900071621,251.5564764460809,2
400.8836742228782,176.23984630650585,3
209.3983463434092,288.00552575478287,3
145.6264262046759,193.4167728446856,2
132.8196250425349,81.29374725118073,2
359.962978933966,122.79621299195733,4
368.6791199601624,162.32633904179926,0
428.5949903626798,205.5015432509465,3
247.22137125243208,145.00449678854181,2
65.03360363936963,200.51773296591574,2
356.1135953413286,173.3340541941937,1
218.9599364147881,184.16429352253485,2
119.39137288544366,291.9731572150711,4
312.861936397026,191.78537664446,2
320.99107813790476,254.00706004241357,2
361.7471903582105,267.2549969654553,0
61.31795874279518,165.8881804424984,3
328.8786615884909,242.8261371108287,4
198.18034794656273,150.90034309277507,1
62.3695705260821,120.76515550887305,4
449.2007422012906,44.49502597943217,1
238.10734135071243,280.31592948646045,3
363.54082106482156,237.4481917403606,1
162.5835458390458,254.84152055014476,2
329.25519612774525,265.11466547029715,2
437.52101431374666,159.28721237415192,3
176.48694851278884,70.81316571279604,3
310.7247317187232,177.43435903804556,2
286.86446849282595,201.98702506969778,3
78.36814001430454,152.77902607911622,3
59.909271195656544,280.19122683182195,1
313.0785016191277,130.0320168156344,2
158.75130311630897,226.4728124921288,2
315.4626819199516,259.4316217082315,3
384.18683773684165,133.91109272483973,0
220.41119142616776,150.61691062981555,2
83.17688461484174,259.20428116946005,4
268.51739961260336,175.880933459891,1
371.83932844276706,130.14334339951407,1
86.67109323014417,173.41134285106506,3
96.09706300655895,96.96954005826429,1
138.9073027489111,67.19692190532669,2
426.5081459228603,70.57307518113089,4
122.24549101087807,94.39098108124396,4
342.8866088348543,207.4656871630996,1
135.98378343412082,236.02346161112882,1
53.03131989618181,202.37582458404998,1
256.2092455161066,277.1298507647212,3
273.622249355403,178.64468609901775,4
319.615982483888,165.76273238655554,3
275.1878136286915,213.66773918421194,2
404.93186016013624,193.10470118697467,4
381.4062766647448,224.99866364137893,4
142.1857322293231,145.47669478950456,1
110.07822853982438,207.47691354503056,3
168.45245557942678,126.3491893941203,2
286.2851005447181,299.46158880427015,4
413.9144797592209,174.10968244316678,4
282.29397367038564,20.904737964397015,2
237.52601393727022,213.70191875220377,2
340.54714246901125,99.32211299582117,0
168.03209471940792,104.34954097041282,2
232.69063996392586,198.15833397775032,3
122.94157843995204,280.26145926081136,2
162.62096231062645,53.04418786720592,2
55.934395190816176,219.25405732041278,3
297.8607431665454,266.69834575803884,1
160.53400723131432,239.41815777764592,4
309.7836352160649,254.99762569123263,3
206.14867890883835,180.14921967444857,4
233.39471834843485,186.76820838387422,2
416.1452263244871,66.19116180489081,1
220.5631044518035,144.70563067336175,0
230.04332106586384,236.54023640103037,1
310.77555240527175,184.81103532646114,3
67.31351433710056,94.98530656405799,4
264.2705248131173,148.36864618250542,1
429.75511630550193,249.65835342989612,4
207.87807439995527,151.6394602954975,1
417.5190361196378,163.10638030142044,4
163.4522066217636,209.1741736011109,4
159.17827909927337,124.16298954728248,4
142.12705279841802,144.0781851977951,3
252.8475803026646,147.91260942199634,4
413.34541428707433,216.17192331454305,2
143.1930730857682,139.28283492871824,3
350.55445585857524,200.75166381083758,3
195.1920198742644,59.3667515237442,4
193.93924379839916,227.1802974436858,4
162.85309700925808,244.4494555057292,2
321.0325468726781,149.07451709393806,1
286.8479215236373,204.23476172605382,3
249.7471116359278,185.1513001429774,1
186.6193686743974,185.85567733635958,3
412.4639334022192,207.7847135530135,4
427.90456041217425,208.6023442739828,3
120.69149207849405,141.54242058689113,3
162.3809805952166,148.98408409269274,3
129.54299766317604,242.40260294685243,2
254.06364178184288,142.81997123368154,4
414.06797720861425,296.50664520679305,1
330.9800250315476,109.63535889847904,1
189.58107148018755,185.2635131656969,3
418.30498878109466,153.8659186923882,1
399.07356622582427,214.26510121134038,2
228.71128955794347,247.32048528058874,4
176.63907187253443,196.21519446489316,2
205.95386452102477,290.6596109043877,4
106.81617276780324,265.94969653710245,1
342.339273027362,71.59361494099448,2
403.6161705699355,216.9838809680992,3
388.45582102699524,174.99419860468592,1
353.54236505887997,51.110858692757034,2
216.74095793275902,209.72082319662843,3
272.07133170927455,228.78431677568057,4
363.35743270975496,126.31781392523243,1
415.1665695028194,152.30191976413815,2
116.21064767604335,230.6700639030665,1
116.2777905384659,113.18395934294239,4
80.83882056366542,191.3475623437249,2
138.53219680470488,214.37701996991893,3
424.9203777037374,174.87826063090574,2
192.48927425539492,172.5932398165467,2
411.4716840389452,154.42767282698503,1
377.41381650079273,272.17488589958464,4
257.37260635420546,293.30524561415257,1
257.72411050456185,201.4308754166461,1
356.8296656585124,283.0462418835821,1
388.35413629096445,285.81673857814735,4
330.7555042468524,119.29600037016588,1
183.35946592450182,195.60693354534988,3
282.8332595350463,140.4589075493085,4
448.7135804080339,221.70881790764417,3
273.40329312706774,212.85801255780552,4
372.89556494643034,296.5727452783334,2
116.77322677387059,239.90066179870695,0
85.13333724849255,212.60604340927424,1
108.5554414460843,170.3311230708054,3
194.6450135590817,209.728347276123,3
312.5586818607454,195.30696959321563,4
207.4127910612171,251.24493988300694,1
349.2779689498086,234.0408103259771,1
162.94403967077,182.4128600929001,4
362.535293643833,209.37675088927037,1
350.8734875387788,39.41590048521883,3
397.959958077009,146.1876327138735,0
397.0210817478623,57.043150565195134,4
408.43033661238275,90.74472506389226,1
352.54766379598703,200.80444957509394,4
347.22636857514806,199.60363976787124,2
76.50160064496538,136.77976701409855,1
72.5898178940295,268.76067052192656,4
146.59293029791218,155.31005628904882,2
61.637268466846564,109.73540718837268,4
62.116099655188336,110.42184879120511,3
58.130111614734716,167.30701804929058,4
353.8076233050806,209.00018027373963,1
83.73744721967675,219.57947577199704,3
168.2303574901445,222.46329136600338,1
78.38418628535418,224.8294096364033,2
335.6231727952379,162.44596514679967,1
308.7794016287135,226.81277429063513,2
93.00949212797588,210.75499436774925,2
257.5110050193653,111.24650720390511,0
393.7101202396279,216.31221015983084,3
305.3851692039619,149.89840886674654,4
243.34884124421933,196.45037359717222,0
241.71969235046998,287.0545702415087,2
309.17292156880933,220.8315324690943,1
262.76282402690356,144.3714052038978,4
409.40373251629995,209.05176651382996,3
150.8445294964928,202.9917577540221,3
262.11526725371345,197.3342009758516,2
173.18136315947038,119.68101794090106,1
288.34856117260694,85.62656152108207,4
85.7390285952579,246.72977186170638,0
403.7040911281588,240.76689469207872,1
303.9648236646559,104.5872020306582,2
250.50893200468178,266.12790475117856,3
111.78696861787256,120.89723250229986,3
344.56899021910397,261.61580507610995,1
437.3377135622987,147.73977267426528,3
62.75921869332186,269.96103449627685,4
155.65687627889875,187.56064161651278,3
50.61090842778246,232.18895276073667,2
199.21582732428985,177.53809807402632,4
222.99020060379826,234.52788681114257,4
437.5125376511644,295.3932027668736,4
329.67840622217324,202.59390111098978,1
160.82625577126043,194.8077518918867,1
208.2670115392638,181.84611247891152,1
290.04789459837497,160.74455647569107,3
54.46852849669881,285.779244836468,2
364.54807972486384,154.52744665456748,4
219.84738660762142,259.2531575671997,4
346.0163819712263,161.490665160079,4
146.99092459682788,188.99708304533095,2
165.75892576953154,157.16122827896476,1
364.48668025252437,239.29140186020976,2
252.20819017658096,265.94112163698765,3
341.06252367642685,253.43455464596946,3
344.4838552243493,137.53432421054444,2
403.61997345283515,89.82961889747638,2
183.2943751702277,164.84423389722951,2
171.1983690353328,216.60477591973208,3
104.12545472727737,206.99285833330615,4
449.4067548002351,162.22013311244442,3
270.53713116110157,179.06810605383617,4
81.31415899536157,121.75793850856427,3
185.4631947645696,95.9306498913735,3
363.1307145217397,111.74418310915424,0
418.5470299512792,289.6891529830816,1
59.691194086184396,210.0245061481718,2
278.6169568952337,147.84723389325924,1
243.46635647584458,194.1549064837733,3
287.7389810550454,101.30828449296955,3
257.592232184753,152.03908288660392,1
277.1728776539961,217.35709773108326,1
219.096471530963,225.21812480977226,3
167.98057344161256,167.8783590735665,0
113.52023042156972,188.1901423234912,3
97.32956130730624,122.81880969299559,1
281.446711215801,188.5095961876222,1
263.69627109206044,222.68712592530707,3
411.2169783315429,284.5004537449338,0
305.3637661655267,113.80533770720547,4
408.6980260832698,196.69177503595176,1
185.68399729994658,265.09592138033065,3
331.96164043115715,242.13914489521144,2
442.5774596172312,233.70804924265923,4
276.67576068990354,137.050117566281,2
56.21630753733822,252.56354401150287,3
164.53598882210807,203.4318640080867,2
252.0850878274481,257.52432925820307,4
353.3119191861772,179.1506399996953,2
90.86850636330767,70.25626434400223,1
247.37783090816902,296.6311421348445,1
202.39581685485732,165.37073297898746,1
340.22519680973033,133.5945114118103,4
328.1958319597648,266.80205301550143,2
365.2933126235501,218.5018197887961,4
320.61285617235865,155.79901427836342,1
161.5954188170718,212.69203644451414,1
89.95355060569193,159.4657129892273,2
262.4210539107976,128.01175314025284,2
393.3959803564309,182.3916893988935,2
281.19925499211774,188.45254040231,3
52.32227152964883,206.390910415692,1
344.2737378390101,226.0404475234481,1
243.3584497800697,172.61252791299054,3
147.77236481462393,239.691004772744,2
111.39351034403657,93.93281007222055,1
296.356559694755,241.81124906949142,1
368.95582417244066,211.46893490900788,4
162.92681895538078,248.64967307600634,2
127.72070273386421,212.30794534852024,1
131.29751583595902,204.7799457458487,3
359.3290099568046,261.5868761905467,3
74.74858636289682,173.08804393155035,3
433.62436138885914,207.22498875391335,2
443.42761335281693,225.02127366084392,4
248.02887318536494,198.1868913034231,3
303.369771966175,251.8726714658239,1
107.7904178645804,113.17272076730241,1
371.80386694100764,221.64362867573462,4
50.38546592538942,263.95720139792786,4
70.46330954315732,98.33556921193664,2
418.98238210254937,129.18185356696594,3
115.23372128106395,230.69497514836934,1
416.15789207210383,221.02928270252752,4
174.6780544225599,249.1625844484094,2
308.8498171186799,59.23040351956706,1
242.96761679476026,280.3593884821355,1
95.63326027044279,62.543522115909354,3
222.28495552827866,123.53051440671418,2
55.379194786021245,168.32939275761535,0
418.8619280722386,136.70775541648922,1
186.39189476751557,202.87861513089655,1
419.2919374345405,272.65961992767836,1
389.3569784341944,177.04861842065617,1
332.54324284015644,283.0178495373648,4
449.9105090322823,83.558102571609,3
165.24426930103124,267.59381475088605,0
220.80931643010882,223.57886437385747,1
128.52866432534626,219.44167133091273,2
77.44893165561031,104.38302945485847,1
104.19763762495933,224.09403602386723,2
289.9085656078553,85.12002536468415,1
331.1127287551323,141.54618952216438,2
294.8333503460779,160.57247462297417,3
297.0954839520228,248.7850585631316,2
439.6127548648649,217.29933464812842,2
343.41436643753264,199.09428034922308,4
66.68988990597495,285.2448180605473,2
372.10863038765007,280.8693931952549,2
250.46362922365327,177.48673576236789,1
415.0620282285275,155.84185887275288,2
74.28719739224667,117.12420880251206,4
74.20103044987663,222.41608511035747,2
162.68819685069394,181.00230729756296,0
72.1515150707591,211.69613225635067,4
416.9657637380206,233.3171833500371,2
370.65687374951256,100.15051510099579,4
102.4337253860502,144.9720912098862,3
430.60937737913315,280.8508418729102,1
282.1688589793756,179.63749751469763,2
404.2706130089112,53.48489430199456,4
400.46378334789165,258.23640106293107,2
193.80116776767048,150.31291970864748,2
436.95022260260663,177.87856089179752,4
431.9204635635924,274.53318575962817,4
349.91913700586707,246.55431565060783,1
229.31888640770194,135.9301934476428,0
216.0749991321019,285.9309030839455,2
279.19961658876093,207.5407796363088,2
65.10097103651553,183.56419951476707,4
355.89681643897563,154.51991999762134,2
399.23205562023026,125.09353966655486,3
74.15952302078401,224.79083669403326,0
308.9274409151731,253.9629325104008,1
85.51013731771558,251.47143398688428,3
252.05825251092787,234.7257466555702,0
425.3080636378607,94.21725181508565,2
166.89490690464766,258.718595231178,3
419.1655939950114,246.1705290587133,3
408.052452282691,200.98072900922705,4
144.68521456636824,199.05729909371746,0
161.31753601025633,173.9036401035115,1
355.1714728234054,284.7888919002155,1
294.36441540926967,170.36808424084975,2
411.8290718898141,193.138328537844,3
346.66795649016717,143.5384784280423,1
142.70869472494155,127.74978787266821,1
102.3994959578074,249.07050835564888,2
400.4369615604914,159.6684089570849,1
324.38778791505445,62.381988640645574,1
364.6323182108846,235.8128210602834,1
181.5533246698991,189.08884594449043,4
186.96699954015958,219.35934925091829,4
335.8899454122214,249.75352992590538,3
51.25571421172857,270.8698419588807,4
284.4382960504844,257.83945250953354,1
215.2679115595184,246.2557004355993,3
345.5688248034765,278.28764159668634,3
429.9908276345403,175.6459859043969,1
367.02794448922805,88.3132626759765,1
259.64553600878673,85.28386966635809,3
109.62093235707182,166.0356071586645,3
288.5361940907897,159.4666265237854,3
232.27864495128574,266.1056299846864,2
233.6485812765909,201.72280526525586,2
113.53047509874506,247.57238332476862,2
424.18100589177993,156.85167913503872,4
132.29062507933472,204.52728898255538,1
98.57759045574434,26.219392601156926,1
410.5458886661403,275.8292626234336,4
80.22713828120263,215.89009673664583,2
65.72378291617649,99.46695425406804,3
256.48204650527043,175.6656536478534,2
288.6466718664208,199.06404180022818,3
383.01332647746915,204.7556059561765,0
379.5283355358722,247.6394375336188,3
108.15457836623143,205.56460335876716,1
435.3428344722695,193.86861954829095,2
282.91804699854606,264.78552916748635,4
241.42014871913005,115.54751326242535,3
208.94628159545817,153.60688913918176,2
347.7785174822532,172.3553653670446,3
85.2533612666131,82.41215033599586,3
349.8323797919039,224.5682824506169,1
110.83297676346105,211.6674064277725,1
232.21524220082523,190.0724953283107,2
249.43107870765115,256.3815423271611,1
431.10684347558725,180.3329680930993,2
155.00266002701596,246.80981982485454,2
172.7822269881641,160.93648568016903,2
281.87433932749764,170.75720197963992,2
152.56758015712126,256.4962008692043,1
55.70529618153648,81.2376693901876,1
124.31589493615833,199.4039754812696,2
267.50905809911757,48.95392917639796,2
204.31607809410858,219.96645843265756,1
78.27670667326197,80.80444375761945,2
270.28512974740187,264.7932678171391,2
223.74527081427607,141.4770777743135,2
170.9700008299089,239.360799195095,3
139.45341490751116,56.247197648277705,0
214.30717467549934,146.7018685574914,2
271.7620655042787,214.99322466730467,4
349.83689739744676,277.8690381515644,0
410.2091456618574,137.31104061902127,3
282.1893284095212,179.30091348917136,3
195.42938152444768,244.81939313028576,4
295.76749416862157,137.1756712135377,1
52.22307613617492,135.6872119301556,2
341.88954918055725,250.51043931941874,1
100.66077817709754,72.1404248877496,3
342.877253674301,195.18785888117324,1
219.22535556516482,263.78752608325505,3
315.51604886543987,72.77841783647708,1
103.48822434211033,162.88854948413052,3
304.07862897743115,160.97361110791468,2
305.6861603219787,237.35459414265478,1
164.07385641527424,211.47608542663406,3
135.43642361444756,271.5773812400068,3
216.1810187585517,140.28222772313725,2
201.74755810854003,177.0143115081264,3
203.3905067105657,140.15017960546078,0
75.47193105595302,41.96930875810838,3
314.97770174823495,190.62865080754966,4
125.58185231366812,214.29885318686127,2
367.83412475246655,91.78208264377356,0
379.0662126085408,40.22728619036798,4
73.18524778593215,158.7539893289984,1
393.06832015740446,193.51110598388203,3
141.32503218650908,193.3169879443093,2
438.5154919028319,180.54931867399063,2
447.9163785734302,191.81474103002958,1
95.34137052129519,190.638830165773,3
334.7796013833515,248.3681895805054,3
399.20426342109334,198.06630278873308,2
166.60300162333994,160.81811302502138,2
129.1980889985063,130.54908629098964,2
194.65492207059233,159.59188378754774,4
50.975232475911405,53.75733452081508,1
186.75971450813887,202.47618687241334,2
171.63535521772042,291.22007716939265,3
236.86288091785377,268.5719142698503,4
228.74947490748022,139.8143551104616,3
416.43959073848237,60.639335513255844,4
93.79784671595695,202.7304974875403,1
245.74553123079914,99.88355097036522,3
115.41433120589714,57.04647427073294,1
207.8264504064044,235.34025403183466,2
111.21043899015581,214.7778499281594,3
65.77784288267293,289.05438080082195,1
411.77030374120676,181.44803806825922,2
190.85044913291492,190.33545828962198,1
175.44577670435686,48.61121244476976,1
360.1277017251583,151.6113183789785,1
290.13131886999633,177.2112667408154,2
76.9541209290928,207.99642705856783,1
88.7313835027363,179.4293492222071,1
402.2952906113721,193.09065761688674,2
288.6858079307751,144.79640614041628,3
267.6071455048434,126.8972665564623,1
416.14898986345014,229.03300725887638,3
426.0065769047762,239.76544261818452,2
262.05328730652275,237.63059944871523,1
230.07378385523714,113.4610161090904,2
414.8121584155747,163.35756155476977,3
378.37312949978855,183.12582077459217,3
340.87363515038913,151.942529394285,2
406.62028037350217,165.05984104954024,2
114.75844096761575,194.94506967935112,1
67.46474107327222,190.4277917775829,1
406.42945453328764,108.91378718019725,1
180.25023227429048,203.80434750151784,3
278.7198206568586,152.59241245410675,1
194.64550819401666,186.41262388235492,1
278.25268507059366,181.2941338499096,3
371.7363644475866,289.01548522905796,4
166.6382849813757,118.9436981769376,4
84.1237502923228,162.9506022194207,4
194.24973250436386,187.22231208828876,3
408.30865760094474,139.33005907223196,1
249.9780476994757,189.80980702405884,3
146.15424747770106,215.7966814419545,2
412.4573757119588,249.16455088692493,1
68.0736179773215,296.8787326546855,2
94.45384494911049,260.1450607723363,2
378.00867061161847,299.89991026504606,1
63.62269396207778,217.21204795433906,1
293.85348902202236,225.60102634696358,3
258.8380996429295,262.6561298778265,1
400.31231571146844,189.38703009303242,2
71.85378979435555,160.26783711117253,1
145.81301731343154,163.12145321461557,2
244.50819594449706,241.05050342394745,3
249.92805981666714,225.1326961680312,3
357.1761825659798,95.15725778884962,2
190.8166509697702,235.587913906376,3
379.161330118824,190.16991327293374,2
304.6933096850581,190.76327754216896,3
75.36953122734266,124.68654781342408,0
134.38527574844952,212.02594310403217,1
217.83156434606957,208.46256896651806,2
344.4993761469264,294.32886324072314,3
244.53994752824394,176.49430205738255,3
286.93265841536487,193.0220577664631,3
301.8129805634385,197.09596638029612,1
107.28981301269474,245.84724810563407,4
286.30643217774116,87.92755160041658,3
225.67315447065675,210.14012184723776,3
347.7614444327955,244.71631529006504,2
385.5828741917742,218.03725251962751,2
363.95662069033136,70.00117910360942,2
405.9044563590291,202.68600746640516,1
362.49175208420235,141.41242880925716,2
313.75782400082375,220.5962030793176,1
369.2524761027473,181.95679540983315,4
202.07682564806905,107.2751701866086,2
320.3880143133729,122.29409922936905,1
387.2172811058861,173.8789516734749,2
315.5626197877176,144.35544461012051,1
444.4759038103621,162.33131503618716,3
254.6114977217679,269.8351082105662,2
264.4584662653098,161.06489339570624,2
313.8774854172165,208.04469362907997,1
299.3358850662228,101.14896294352057,4
391.5009423432199,66.65707320007812,1
193.733084228214,238.1238734786583,4
235.99687215213675,241.0245944788687,3
269.62463890148683,197.42660376845882,1
134.09801277803348,93.30587647956138,1
189.9069413463159,216.16844448132125,2
315.79292292781895,94.19172118906653,0
191.98019213525347,134.90226460454443,2
148.15901118291873,190.660991652834,3
418.2862131835475,166.63611622345286,2
52.23030681004022,147.94637228332965,3
267.4401122442197,212.8146176727284,1
194.772897215496,268.46980710519426,2
172.98208306348187,221.97091566474415,1
68.89524001196517,233.42391378258716,3
421.4976822163715,258.71363501271605,3
220.31621989518203,281.07907958722546,1
203.42457401512584,160.8854019901932,4
209.06477691264791,268.24856366786787,2
314.9447984149846,73.82006634712307,3
145.46935797152534,230.57649168643735,2
300.18016553127165,249.4107643947147,2
447.5198263784781,179.45076521105904,4
132.96059660617107,175.50963647656036,1
376.6307055141426,188.2820154213334,1
436.76219035344127,153.2019887865553,2
261.25616155711634,210.24855827353034,1
201.5943602740186,231.71508276888738,2
300.12998144203004,166.86544922369185,3
418.77509648512444,228.98301235870892,3
231.23978371458648,239.47111171252268,2
335.32492199489093,155.92241268136726,4
420.0117029665498,220.51104703359394,3
346.4606618261534,153.39811184744218,4
177.7894977111527,158.17589422562395,2
63.72671273429842,135.91468854257027,2
159.7067642314805,168.07895275513573,0
372.1157229767748,168.38769017266992,4
224.60949903246313,286.37431024304914,0
309.91979201204487,270.5515663593068,2
133.07660752513706,175.47219511410447,0
80.42307252110339,233.68771850424432,1
415.96682897999415,230.64502194334221,3
434.52372592764505,43.76810476835931,4
394.25335722274895,220.8173662925186,1
226.10968787786967,19.841468632578227,1
158.80441069080177,-53.47482515503734,2
212.2562926769667,88.61385622330766,1
150.70747117885918,157.89976179398164,3
253.40728597908128,174.61842283315374,3
415.95091231033797,253.57117126917717,3
117.06937426163839,154.81287909937637,2
95.40221118401244,221.2998239436145,2
338.0369152045782,249.18267937265264,2
271.18466916526285,195.89890042358854,4
165.6842721911923,270.18801223683687,3
405.0095929968822,192.27644669408616,1
408.8107312655496,193.23886214716006,0
236.78769672802127,143.1849032421148,4
367.3028894750925,177.295437875181,4
261.03958301796104,164.5828852616922,2
229.85197968932965,242.2196643165813,2
188.21983117669168,107.75911922770608,2
147.46090884211114,192.08629259883477,2
228.952001209877,299.547630276581,4
112.48424491862359,214.12528715726322,2
62.448100223786,200.92025031263614,1
187.50764299160085,204.44154896217447,1
180.98890938954946,239.69171999763944,2
89.25586924227918,285.3235361336659,2
436.4145137483534,183.38754347913664,2
99.78351170065771,189.8800655881632,1
150.23429809322113,246.22443330168466,4
134.2040630202992,101.6672177179693,1
256.57524399474784,197.8750978318806,1
172.38248277687723,180.6602315736,4
397.4071089310099,143.88851583195014,3
377.2272168704619,190.9141433618222,1
155.08606063220412,245.93358695342403,1
435.087219498711,40.15658129746109,1
390.7539654749382,197.7288288005884,2
253.6113218416888,150.06860913383144,1
388.49444188533965,215.22403162804494,2
230.57927514350655,164.7518182013871,2
135.6919765230146,242.2564487172584,3
54.082338457572554,241.82419361147873,3
347.9109673617755,240.44657478838315,1
448.7521648675682,100.59098515982637,1
200.98796167752005,219.58954171845014,2
371.2543934536772,211.39080393681382,4
143.62241597790089,294.7836813541928,1
430.89063941229466,276.62339263655895,1
212.77062207260792,104.59266963711156,4
353.4087061249602,190.8790590610678,1
107.44655086462643,168.8150796896192,3
243.6082950415972,273.83163860717616,1
349.50829974451926,259.2088183458694,4
80.51131931611258,23.830574146438096,2
159.07537185540934,285.0152019509626,2
353.1412035783629,141.95732127913374,2
356.22813375750206,103.0012922287082,4
191.5024101784197,252.7535170474443,2
251.66067280929755,205.54495173586687,1
351.2028828683379,282.03740545993924,2
276.4418004357932,101.68872892814491,1
160.86973698743702,257.2080717807921,2
82.18885778824031,207.39344645010522,3
213.65581944661312,118.21943430195692,4
400.69195211255527,249.84873893096525,1
78.19504969034949,196.94578281532375,4
58.15300699883079,196.22536064348353,2
348.4602411881799,175.15158966444275,3
80.94650709368132,283.3878951794513,1
446.2483907497497,148.8554378832333,3
204.10735690212948,213.58891635702352,0
385.8730192804755,91.43048021836063,2
165.82858453544245,276.18186592566576,1
100.7414237941754,88.40927315815988,2
150.49929338023756,129.23127156222188,4
54.76434465037436,158.83928142926126,2
418.10814547885934,99.93473800096805,1
419.9164542191413,179.17837636650165,0
432.39853431803147,112.2035224665542,3
81.2110087368319,261.6047748363085,4
348.78423311242693,174.1230519376087,4
112.1903791910095,204.9406797843175,3
383.80531683454535,89.95566205291588,1
425.75158983655865,297.6320371399813,2
209.16399874895083,284.5020178226008,3
217.8815322433254,212.65584537895492,1
298.8153837080754,224.6309014912622,2
155.09291108148457,217.67743908477908,2
101.35830005908977,259.02040543758807,1
415.5160687466439,159.65888108293706,1
330.346487223257,203.0250924485251,0
253.35946134472564,152.90616723597256,1
188.10174269135666,178.90324343423336,2
170.301391515156,142.34872864208396,2
162.44693503696078,264.98239511277814,2
395.46889725348825,129.70856649253437,1
231.2171615699741,230.74961012890554,2
237.16895172065807,224.67765279069937,0
386.79174540192605,198.5500886293488,2
233.37524600249955,230.56803970455698,2
153.48303067706874,107.45057247581474,4
305.6773304319214,235.11010937846225,4
60.73507530371769,131.02641785980012,3
388.99706084121146,149.74755105785616,3
74.9416076001677,149.37191342965,3
213.103486384859,144.41307048776298,2
65.48286168329307,144.99758955323014,3
268.5986300723,216.77174893706888,0
246.4395066613545,278.8470817921843,2
314.5450818261595,169.96970623485186,1
340.4926743386242,156.25108247765468,1
93.41329718982693,130.68884917240638,0
134.24042183501572,186.39149293465258,2
443.15468125663534,154.4748184925382,4
80.88797973716902,120.79385349455994,3
444.5819007535041,181.6885481854457,3
447.85512045963577,293.48052310485735,2
192.00648596117583,211.18666652684948,1
200.72995803238447,165.47226217947488,2
129.15704368215017,157.11157478565613,4
424.3945972725656,226.28492521185947,4
353.9521720798154,136.21620357106474,1
237.17278984876108,173.6746855186115,1
200.04396181303275,230.6846216707711,2
230.03745994492616,57.14316751145867,2
245.24426800483135,173.22700276699248,2
343.2014885976931,160.0602309810408,3
332.36613898388623,167.44417871530044,3
230.56759186471191,77.75893101516718,2
137.4241143413759,227.38351950647035,3
389.0525799679302,226.2250384088684,2
89.0110853145456,79.49334227747212,4
139.25429756737583,244.90320205764905,1
416.0703664729915,286.13556091855753,2
322.7498857221437,235.84866233646943,3
404.94727439590895,110.44129549553294,4
438.68498412025326,137.06033990626995,3
372.2359600031328,190.13007370891592,1
50.06097834564001,168.02114003452385,1
98.59096482574952,115.81674613214065,3
226.32156723579,163.4691347109955,1
246.47110237298295,99.1418064729781,0
75.46086806200702,233.86096431957452,3
414.14849164098365,211.0681826958313,2
318.9943435481554,236.96903961229702,2
387.1050647881731,149.2681355893093,3
218.71288390467788,135.46161493833335,2
293.5914505797072,130.16878621447592,3
129.27750200885183,265.6902026361608,2
172.84257856715234,151.93064855034677,4
332.09656011058166,249.7045007848747,4
320.1687349240966,195.55954465434698,2
149.48039860758377,155.05086382181221,1
247.0804759928802,174.00270962173144,3
65.45176442200872,172.51652585046028,4
140.58650085621397,268.53649547725075,1
182.70682973426054,228.2852625650456,1
169.52708391321823,190.27206139219624,2
55.29821077020798,101.96904847409677,3
266.40685264119304,286.5486025558926,4
174.72192040446856,171.0119516403946,1
62.94167027798743,182.08344102030284,3
348.73347808726027,162.7277180099153,4
378.8514684965308,95.98035283024664,1
167.1104033749114,263.54718883174166,1
223.05833320489174,239.85125990640344,2
409.0214385688109,284.1300402680234,2
181.79402338609486,158.65720615773188,3
216.50539393138342,236.31537714357967,2
241.23337473117664,237.91467604263067,1
228.37898066632266,229.6324337938224,1
127.11271475712107,204.0274438898417,1
310.3578324809776,198.71826885422706,1
68.33969660054598,241.30888649577486,1
236.24168050264518,191.2194925548976,1
126.30384256621947,244.62510659099053,4
70.66602330319083,174.0234161696799,2
430.7980163369458,62.00985691705989,3
297.0122889685326,157.89307803991855,3
408.3168304780934,118.84667402952162,2
89.93213999748902,251.72129124838702,2
120.473814868661,69.66133800017695,2
97.32593538590928,174.202151495635,1
295.7326861954542,299.43134879281376,2
74.38088175701961,181.60863601743338,4
191.33200729705507,194.05014551225926,4
286.0549740173634,96.38054431860583,2
377.25773566253616,299.32089113788123,2
298.6912878121844,228.09223155555026,3
338.32822904636845,210.14230728380042,2
239.14862641343063,135.07661869726246,4
316.8366739368865,295.63371138788307,1
54.75784340180914,117.10649149962605,2
447.468204342357,142.86792915409671,3
167.85712841258342,232.32035961138803,2
113.44217174258645,189.6420717245815,3
376.2629006155942,231.24943133488293,4
317.6437966168145,166.94232684458245,2
238.23382284688668,164.16657617345268,4
387.8297941439559,135.1353748642241,1
309.27832862942614,190.63615720992564,1
94.83158315020842,146.00279043011173,1
199.15015615293927,141.33534319447818,3
381.10011685286895,117.5565530497132,2
443.46271847159096,286.21331733970067,3
364.85743102812245,133.53674292160707,1
214.516222767327,131.06365232477418,1
364.9950467771002,96.4548415730344,1
195.1821574036058,183.5155027326153,3
288.633884647062,130.12561237309194,1
176.3605812195313,223.57303856762,3
158.93350027802038,205.4132731787376,1
433.5510676827153,200.6165793095416,1
99.51330347010297,273.76535532888676,1
101.43865664589806,233.5943543482678,4
429.0442493485629,240.94917504052393,1
396.23266098918094,157.43382845242468,1
413.71896897243647,196.91932920514265,1
113.49777984758691,97.32216861739767,1
169.07511437773962,277.828595399538,4
323.383807541371,170.93660224508187,4
236.7241904369299,191.44351936105446,1
248.2276829721448,139.334374490135,1
317.7822516219651,173.70014472216158,2
431.40177351441923,224.48027570783248,0
160.01112608450913,98.46953339316158,2
76.45982161321982,289.1488888332017,3
54.033666037462204,239.2297902204782,1
143.00049740588764,80.99794997949027,1
201.1899229929524,240.13827720814572,3
238.47954488325092,260.68409515756707,1
185.91122267614855,106.27869354441671,2
235.9978169825979,178.38982887122992,1
347.429957516347,99.06591440150746,1
166.28451595335167,120.40099787105852,4
392.30000931859735,241.26785492322315,2
386.42846825903416,289.090202631096,1
241.59985217246663,214.16318988490374,2
422.9360448944064,122.01661810372636,1
440.0390137485581,178.73102021333287,0
347.3796631356384,195.41322929195533,2
242.84760815662892,189.94870122472258,1
81.29224765595148,123.69057641099715,1
408.38401683159975,282.57343423876256,1
150.24674562171901,211.67485362498434,1
174.47086234643405,101.78981175788765,1
175.49910717270407,128.35371177374537,4
330.4009076395016,136.37844207852353,1
412.8790823859116,271.1171199161513,3
54.00891470168783,260.2633114842363,4
420.52936210697635,210.7460359547984,2
166.97512661412634,241.7322788139824,1
427.01357725440147,171.1752140587977,3
113.90050142066505,232.96235892835335,1
105.23971717401164,282.9687685761349,1
151.16095063147407,271.00289105052684,4
159.34136432100456,151.0550047721662,2
316.7641782219138,170.8160980926877,1
158.37533612892838,195.20690303108802,0
410.9119540781098,266.1034158184284,2
115.46612479886305,267.56916708974705,1
378.35402506980546,182.08001168124545,4
105.14442733854459,164.84557793514995,2
406.01706755847397,296.23136008315464,3
160.40921054252038,97.56355461344698,4
427.3438611349593,286.8192717453954,1
169.58208398396624,208.63312433506587,3
280.6716566762068,203.78547799448162,2
379.7343414162776,287.82287727169387,1
78.15187266985477,153.18828264596982,1
122.05769183578647,162.20587183919272,1
332.0091026835995,120.95395480210757,3
323.27970866316815,134.97754291560636,4
305.24266895336825,185.8356054535288,1
274.1268477203844,266.74354057610174,2
436.8424853396093,189.01529024391175,2
247.12975554499727,219.08814070019474,1
90.6538186866491,178.06462277853456,2
74.72403181154372,187.99393927979204,3
342.5410291642253,173.5257148697204,4
354.4057458291446,191.424773483378,4
428.9021938260262,163.20448700052418,4
331.78830372774485,140.03012808995084,1
412.6573244859182,179.17477236340545,3
386.1592643113421,163.1159535548366,3
363.06767542708644,172.1480012235941,3
425.2465738529879,158.28901046309431,0
250.87369585085742,210.8762812590285,4
292.9547760682874,164.99834613938958,4
180.36091743847234,92.38291762423677,1
211.14450762931912,210.66991125407813,2
408.80284161315416,185.88007461478804,3
192.1479037154457,88.9064800997137,3
77.66284926329843,242.28939725980717,4
148.92575984057856,276.1294591470052,2
304.3032168753979,285.99364763454173,2
211.87585247227457,190.2907818504405,2
297.5356447416351,153.68751373439105,1
209.60432552123666,105.62762657521357,2
316.81635557526795,165.70117529416927,3
80.0082072887717,283.34324233007334,3
255.65667858482036,256.9318380737843,3
215.99260104452523,102.5883037890635,1
377.96268657139973,211.55398880335514,3
94.38689490295648,155.5716069954158,3
106.79365677161616,100.3305289394813,0
238.10442191960087,217.7466067899099,2
113.51525521459318,24.348866045327668,0
415.1604517133868,276.7354482160867,4
68.84320384850398,128.09514880913622,4
237.62262783115096,248.01820538265568,1
220.6003063202614,139.10708227421475,1
246.63953238539844,177.83374460882868,3
306.3618430988398,226.83077253483216,1
313.5672565288091,122.23256299985312,1
182.08062601123234,161.95944093455626,4
258.9698990422654,277.44495221832653,2
97.73347761958631,143.10740643119757,2
406.90824307992284,140.2298729441389,3
415.6768382814977,267.8921750263698,1
405.0447626760612,246.35160551052195,2
73.15662656285423,215.91672908971992,1
331.9687534781518,65.0709367362445,3
96.82055849762223,243.07826144855647,2
272.27694089225173,143.84879826430378,3
57.87244852552686,257.8744589297629,2
320.40991213383336,143.874247883052,2
125.69901585240561,281.9651907270173,3
57.80590521687778,159.3126908990409,1
374.079062045544,136.10275965555724,2
252.5947475191924,284.48954585208696,4
324.07744105205876,198.9932612326877,1
405.90946210709984,221.8696495233406,1
260.9659547473483,139.0959285206329,3
120.80381003435296,146.64081291858415,2
347.1925247129441,167.3149622941783,1
339.3448923297396,148.14043381772944,4
429.9738306501427,158.1845190570519,4
86.49256536420143,157.74097075174834,2
110.55248157997784,157.84846054788702,1
182.17291043272556,202.0161832395036,1
400.1823000488182,181.66286953742207,2
220.27983348136564,166.75503590532605,3
111.1362130771146,211.5875665563088,2
146.48437851449398,61.42919117237835,4
417.903869335326,217.53718628041773,3
56.04938720508348,244.86094579734203,3
310.29277973215255,164.9495418125369,2
367.3618758330171,150.51413516836044,3
232.3240324262704,252.28983528314825,3
310.6966901654394,219.8131614630109,1
65.7831819578508,142.5035848049246,1
101.60713008200122,156.17093628853058,2
321.3614561471523,235.0031183301004,4
379.8518577150448,191.00226139529795,2
152.4479932791312,207.2533114196059,2
77.77568899614008,188.38546058928503,3
264.7896128611354,202.46013873075447,2
180.64627266757515,151.76631642865172,2
285.1982770556769,258.3584216590952,2
317.57562918086353,237.30218040363974,4
414.98666239532025,172.45292732668693,1
207.1504685314597,144.25088353164222,4
376.563508787474,283.85771293520065,3
426.63030853485895,183.19886114459115,3
151.8497350004631,249.85356130089377,1
209.5859594938509,108.82084863246376,2
148.62636040702944,1.0587150237500396,4
344.1315834255501,166.6800230564033,3
87.36929846084243,157.16882886063672,1
97.77568269299178,203.67643341521466,0
302.9427667024491,234.2439350330243,4
125.34124587892785,230.67957417100365,1
414.30282544963455,289.52883138047906,1
308.5108959012243,200.29241750300085,1
268.5233599428743,254.00553087583359,1
311.86556029592754,279.69239710893595,2
261.406473312402,119.76494495300788,2
240.01719747554716,244.0519831405016,4
358.24056144295383,255.8158241608653,1
419.79191124642676,299.8295249354326,1
294.3890221990411,109.90813860638686,4
386.08359709702955,211.08544186352557,1
420.4207561028503,151.6745531549346,2
353.1864458239157,276.6262191879111,1
228.4293833129519,71.0747167598667,4
348.7677719256597,202.03531393814285,1
216.23775920547618,178.62156218062108,4
252.07029143268662,132.9749273945909,3
237.46704267437738,263.0125598546081,1
387.89945387569605,85.90271850079382,3
426.44688298053006,155.59668623925407,1
406.1790882276619,140.13932044917533,1
381.842349085326,-17.22054946378961,2
372.31236294263334,78.49253500763952,1
251.94414937087126,212.9945189707992,1
229.8903290766563,282.31259133863927,4
260.1296276968941,135.9058906692434,0
210.54873720007078,122.55095814856526,1
162.16074742075972,227.07673141253014,2
210.04213641095328,180.7314718536401,3
315.10219807094273,92.6339780654947,2
422.16933690035086,123.53624206074387,4
233.7482446677243,288.7153748646168,4
429.70141468669846,250.82533076662008,3
196.0685438059011,243.76348306072458,2
297.7321586457409,224.97754025023124,1
166.68424332034414,285.02365846105903,3
325.19216644959283,211.71927581184372,2
237.73247967329246,199.5808669938531,3
256.20544774147334,233.55579422354182,2
340.56682749465097,258.16928389073223,2
73.85092872084549,275.1001399468456,3
111.24761940884667,221.11387127825833,0
365.49431272683097,181.54415519261167,2
54.13831486128689,168.61739306072963,1
325.87960250975397,73.38259306704374,4
322.8029110352647,155.07195961908815,2
418.9117949248037,54.631616900088574,2
242.05808460452403,246.04437326787257,4
377.28920568806376,268.5031191598197,1
435.90580732232274,133.35069299351602,0
439.9622277629747,133.65673924971264,0
60.076258712049665,249.65748234686635,2
428.9383960525504,292.4726864442223,1
269.82323634500057,239.4091138057285,3
373.42775113274126,296.63644753725805,2
315.15958595455623,111.38301510868773,1
430.39169184560797,172.3960044870788,3
445.19835737079745,187.64767619181654,0
296.7010508546166,71.93949983292094,1
306.9758008541621,203.39569431999692,3
192.65175106110587,272.6731640271413,2
96.96958764420836,191.78415696320772,3
56.04254518140581,139.5058364928319,3
166.78625329408885,152.05937454956216,1
393.92174787198195,108.41151000912315,2
257.2530204109891,228.74551893726456,2
198.8019821197673,203.51871774350414,4
68.37084207874425,181.65041064997018,4
51.66145096847687,298.18499163816983,1
268.4805784420636,137.9109796473341,4
202.6910145566544,253.99752530818319,2
94.3097073036331,142.27816921571252,2
208.43448072830353,134.88709785045546,1
56.690731947278294,264.1705145386298,1
66.39903774874355,100.19160508865991,2
343.7191508977941,263.5828274780363,1
63.042855932030804,138.55347163011987,2
349.25297067957734,243.35630093319668,1
315.9905450371238,230.90964977155298,0
406.2069196695763,227.29294907962162,2
173.29239055639883,128.04512244332096,3
131.7316668350549,99.95818603039285,1
59.940982529658136,231.7353692446486,3
145.80345214843922,212.16751469872574,2
122.93539146968287,164.73796473704957,2
113.546634231332,249.74239284874386,3
157.86740461743508,183.58509471835657,2
395.20656935800054,147.14592433168042,4
96.56602740672655,239.6474415262113,3
52.007281160909045,158.7325241785507,2
422.4979194697099,180.69927849859573,1
228.01812307388278,257.49041734930114,1
378.6708695046802,200.0354826736519,3
346.4692835891339,184.6458901092025,3
395.2731042032025,243.3529679002539,2
383.1390907682775,246.1875327699306,3
301.99042075162595,98.51479079481456,1
435.7018047497858,190.06989349719504,2
264.0804811474326,147.91240153368443,1
239.35644335696193,100.69085061020691,1
418.4189956743991,102.60948736909187,2
303.5065960871831,86.30537990665522,2
53.33818855809596,129.94760986574573,3
69.87179890557735,235.4449690730092,3
268.10537372055484,167.10171121921854,3
306.1420045932714,159.08880263260176,3
251.41682343206705,194.95888731037098,2
386.035504934161,132.73985492890995,3
106.73726600470346,12.438365729590515,1
258.92435382964527,233.2849015166621,1
293.96455727216755,126.375379364381,2
99.1084446745119,248.90747759003935,2
145.43076345726953,280.47587687864757,3
361.42711792811224,118.00304276976485,4
58.75399189707391,224.09993267250874,4
131.85780986805824,195.98100538930674,1
147.26152662336696,196.65433577463313,1
186.36856050050935,215.86161514183712,4
294.7861064570609,226.22913471586986,1
203.69110634832546,206.5500856841333,4
103.14499276098772,190.75770288590516,4
440.1802242624452,198.9227078077379,3
376.5935569801825,263.62609275622253,1
320.2539728317914,151.81719406424946,2
170.5955875154346,129.80453368051184,4
285.35389962051124,151.70865523247835,1
350.1854119101422,214.94879639486027,1
269.0102552750409,-16.072583384851782,3
150.9010905197972,197.81941219516693,0
420.0346366088632,80.0547803378321,1
430.97520226124885,292.8311095781887,1
118.87274041180854,180.67179225368193,1
407.69782468935455,142.346863008747,1
227.77358950362338,136.9554542329727,2
375.0013709347048,219.34989632816308,1
95.41665074500756,202.43696015605167,4
115.01634075225562,183.14558338338696,1
205.86640424947836,207.39399544442398,1
359.46602914814486,139.0255935073874,3
344.39091407195144,275.73845394998216,1
286.8941363705594,91.59238287663432,4
386.7242723729987,170.52291286789932,2
251.63722496570244,94.79054252725666,1
423.1564766777335,250.94202186788613,4
349.335592105898,200.90168993206166,2
127.43698115997435,145.77562198382176,1
302.91450846303866,160.94294866340016,1
93.57339077937925,183.00996432449045,1
211.2478401888152,219.5809297171381,1
183.5245587100343,163.45990503902397,3
146.11015714370183,87.30120640609371,4
244.88184761606368,272.3930046662587,2
161.39162298269926,158.91217450869698,1
177.9335390034837,204.9211684560836,3
448.8619650773937,208.78369640448304,3
127.51986446443459,296.55432137676604,4
220.915862183923,224.3391102274456,2
391.13557442074153,185.51489977349578,2
363.70367560599743,207.23723787957454,3
209.0533530229397,104.71416871695979,2
277.753530331274,125.47956072815862,1
193.914283632187,193.50223485828263,3
253.8214602056239,245.22192253569756,1
330.0690781861712,71.51380487566686,2
269.03437562270256,223.12573842440815,1
258.7782805420744,226.67405191175123,2
241.79380057609814,168.45185268405945,4
423.4813194762389,217.80571962552773,2
297.86649797519846,214.94831135134956,2
369.7515675500101,201.0085372613106,2
408.4908468833435,295.37808664132046,1
219.5055728923013,165.06718435382842,0
383.2625313288261,258.2070970633075,1
109.2747164216973,292.0393575701894,1
238.44317362186973,140.9168635181876,1
294.3221491940309,291.5888250142756,3
299.21000713416794,195.66911900689053,4
268.7530829181741,237.8818054704266,1
236.28188376559316,256.4227908098436,1
168.83456575821273,148.51893150529258,2
194.0534020555332,77.1024531688861,2
238.17242645400333,264.87187775595174,3
377.1690657483001,289.5688429986176,2
266.47482290619814,198.70448778909517,2
330.35846051612714,60.89751524668674,1
422.41272226916516,203.06808690972412,2
440.7048640953387,140.9876319852218,3
180.01171249120227,156.39689766211924,3
345.53174177506395,131.5174331675875,1
133.20205468310542,160.20088581130787,2
447.99130952286583,224.34512026803782,2
234.05650266506134,182.0572893397466,4
285.8712184236425,92.99455530696082,1
309.8551031805371,247.61778957655844,0
369.2296426829416,93.81429124957485,1
148.47959882863393,142.93518485759577,4
208.440234148394,80.83792956068064,3
124.46392494817191,138.14148593750602,2
98.33617528427867,151.66577245946888,1
197.8373187539908,193.7644333660005,2
266.0136468764057,101.51697070200649,3
290.19502381193763,203.54186414407212,1
214.07322819907736,174.5767994539966,1
244.9151457800613,128.1097612397115,2
86.08770103445153,230.0876710448211,4
139.61189841476943,249.3204859900461,1
204.99882302958264,238.02359149640188,4
443.42845706473986,198.2635925452811,1
236.2018659701536,182.95007038345318,2
382.89295244800803,197.90403026599117,1
125.48421789105579,245.83037909538854,2
123.66306734917738,286.3640939029311,4
336.99398649792414,205.8988207109414,3
222.63182318957178,204.0177917406026,2
108.01959503433451,120.03073924787887,0
346.6636012226467,201.52796207253385,4
66.81697853961306,224.43270701451928,4
324.04630598084003,249.55425291221653,0
234.14277515212186,201.94788981590577,1
341.84962895131383,201.4095759844233,2
389.2878823385546,123.27980289856951,4
367.7026940600823,273.3216853495726,3
167.73270411768064,137.88031380002994,1
197.91738392988069,-18.804745818454762,2
348.0575677334257,239.26168085153546,4
146.11265331893048,207.71619453683707,2
408.9433133857862,225.61824054215057,3
394.01417145501296,185.11140751560578,1
392.03272213314995,192.62744276587154,3
412.5927454660199,187.90142129630226,4
244.68145007963525,186.87593821199619,2
172.9598299204635,198.3061757012591,3
333.21480952603724,293.06240213979316,2
123.54582642698624,202.79667179731013,4
91.44338622329,196.04189337026617,2
116.91092447194258,279.97035204916796,0
290.51363245772825,198.53440808489316,2
130.20041958244298,162.68007115713976,1
128.68655649488315,193.9457373625315,1
117.28241959535315,164.8365128374049,3
105.41572497015501,77.5519489925898,3
331.60307076242947,190.2490340025149,0
438.67337723778195,108.86773999972178,4
345.9083576577738,88.76207305679088,1
281.9393905838553,80.60701540065706,2
215.11209374098664,250.84221566652468,1
265.0958104976032,206.42705634725388,3
211.05882303080014,268.2847603332966,2
319.09520799535153,254.71188184718488,2
295.77786014251575,255.57970051205035,1
417.1453691144221,144.88454195606457,3
100.3494733948707,280.0901864865549,1
346.7061849688827,187.54134221316644,1
132.5096157684032,271.0933182393743,2
299.63026806583,44.39785093761856,4
103.5876592430979,114.20142850316178,2
434.18475564132484,210.89130640528631,3
61.14116924216661,155.09954137790373,3
406.4766592034962,193.23001989102715,3
227.27109490878067,256.2904001167375,2
318.83655556312596,248.76034277906444,0
289.68577291108954,282.1247958933485,2
150.87197052929216,176.4122813318504,1
262.02006930181807,222.690904220959,2
75.07731459454817,108.27243160793739,1
355.04966136489145,204.90894548909623,3
172.3810416940491,253.26234185827334,4
362.1785910276127,296.1000302845746,1
303.1321810119965,252.43464838842766,3
382.96881585543764,190.3989375081164,3
131.93046521937094,201.27365898916435,4
145.17079097091803,186.69773598986205,4
136.63288121768807,154.60099826275206,4
288.5214237345191,244.99692376376163,3
189.14104579588079,187.23215400119247,2
223.9359522082077,276.1223886464119,3
261.85488901394706,236.80535172885982,2
277.6907112629347,210.78958896396517,1
311.96454678886437,213.3527105676243,1
338.9901233613044,290.4511754910069,3
59.85116299628399,184.07599862072598,4
